Image,id,Name,price,Sale
"https://images.puma.com/image/upload/f_auto,q_auto,b_rgb:fafafa,w_2000,h_2000/global/535568/01/mod01/fnd/PNA/fmt/png/GO-FOR-Graphic-Men's-Tee",535568_01,GO FOR Graphic Men's Tee,30,30.0
"https://images.puma.com/image/upload/f_auto,q_auto,b_rgb:fafafa,w_2000,h_2000/global/533595/01/mod01/fnd/PNA/fmt/png/Crystal-Galaxy-Printed-High-Women's-Leggings",533595_01,Crystal Galaxy Printed High Women's Leggings,50,29.99
"https://images.puma.com/image/upload/f_auto,q_auto,b_rgb:fafafa,w_2000,h_2000/global/533595/61/mod01/fnd/PNA/fmt/png/Crystal-Galaxy-Printed-High-Women's-Leggings",533595_61,Crystal Galaxy Printed High Women's Leggings,50,29.99
"https://images.puma.com/image/upload/f_auto,q_auto,b_rgb:fafafa,w_2000,h_2000/global/589423/62/mod01/fnd/PNA/fmt/png/Iconic-T7-Men's-Track-Jacket",589423_62,Iconic T7 Men's Track Jacket,70,49.99
"https://images.puma.com/image/upload/f_auto,q_auto,b_rgb:fafafa,w_2000,h_2000/global/589423/06/mod01/fnd/PNA/fmt/png/Iconic-T7-Men's-Track-Jacket",589423_06,Iconic T7 Men's Track Jacket,70,70.0
"https://images.puma.com/image/upload/f_auto,q_auto,b_rgb:fafafa,w_2000,h_2000/global/589423/11/mod01/fnd/PNA/fmt/png/Iconic-T7-Men's-Track-Jacket",589423_11,Iconic T7 Men's Track Jacket,70,70.0
"https://images.puma.com/image/upload/f_auto,q_auto,b_rgb:fafafa,w_2000,h_2000/global/531839/62/fnd/PNA/fmt/png/Iconic-T7-Men's-Track-Pants",531839_62,Iconic T7 Men's Track Pants,60,39.99
"https://images.puma.com/image/upload/f_auto,q_auto,b_rgb:fafafa,w_2000,h_2000/global/531839/01/mod01/fnd/PNA/fmt/png/Iconic-T7-Men's-Track-Pants",531839_01,Iconic T7 Men's Track Pants,60,60.0
"https://images.puma.com/image/upload/f_auto,q_auto,b_rgb:fafafa,w_2000,h_2000/global/531839/06/mod01/fnd/PNA/fmt/png/Iconic-T7-Men's-Track-Pants",531839_06,Iconic T7 Men's Track Pants,60,60.0
"https://images.puma.com/image/upload/f_auto,q_auto,b_rgb:fafafa,w_2000,h_2000/global/531839/11/mod01/fnd/PNA/fmt/png/Iconic-T7-Men's-Track-Pants",531839_11,Iconic T7 Men's Track Pants,60,60.0
"https://images.puma.com/image/upload/f_auto,q_auto,b_rgb:fafafa,w_2000,h_2000/global/371149/80/sv01/fnd/PNA/fmt/png/Future-Rider-Play-On-Men's-Sneakers",371149_80,Future Rider Play On Men's Sneakers,80,54.99
"https://images.puma.com/image/upload/f_auto,q_auto,b_rgb:fafafa,w_2000,h_2000/global/371149/81/sv01/fnd/PNA/fmt/png/Future-Rider-Play-On-Men's-Sneakers",371149_81,Future Rider Play On Men's Sneakers,80,59.99
"https://images.puma.com/image/upload/f_auto,q_auto,b_rgb:fafafa,w_2000,h_2000/global/371149/80/sv01/fnd/PNA/fmt/png/Future-Rider-Play-On-Men's-Sneakers",371149_80,Future Rider Play On Men's Sneakers,80,54.99
"https://images.puma.com/image/upload/f_auto,q_auto,b_rgb:fafafa,w_2000,h_2000/global/371149/81/sv01/fnd/PNA/fmt/png/Future-Rider-Play-On-Men's-Sneakers",371149_81,Future Rider Play On Men's Sneakers,80,59.99
"https://images.puma.com/image/upload/f_auto,q_auto,b_rgb:fafafa,w_2000,h_2000/global/531852/46/mod01/fnd/PNA/fmt/png/Iconic-T7-Women's-Track-Jacket",531852_46,Iconic T7 Women's Track Jacket,65,39.99
"https://images.puma.com/image/upload/f_auto,q_auto,b_rgb:fafafa,w_2000,h_2000/global/531852/74/fnd/PNA/fmt/png/Iconic-T7-Women's-Track-Jacket",531852_74,Iconic T7 Women's Track Jacket,65,65.0
"https://images.puma.com/image/upload/f_auto,q_auto,b_rgb:fafafa,w_2000,h_2000/global/531852/28/mod01/fnd/PNA/fmt/png/Iconic-T7-Women's-Track-Jacket",531852_28,Iconic T7 Women's Track Jacket,65,39.99
"https://images.puma.com/image/upload/f_auto,q_auto,b_rgb:fafafa,w_2000,h_2000/global/534361/01/mod01/fnd/PNA/fmt/png/Mercedes-F1-Essentials-Men's-Sweatpants",534361_01,Mercedes F1 Essentials Men's Sweatpants,55,55.0
"https://images.puma.com/image/upload/f_auto,q_auto,b_rgb:fafafa,w_2000,h_2000/global/535568/01/mod01/fnd/PNA/fmt/png/GO-FOR-Graphic-Men's-Tee",535568_01,GO FOR Graphic Men's Tee,30,30.0
"https://images.puma.com/image/upload/f_auto,q_auto,b_rgb:fafafa,w_2000,h_2000/global/534361/01/mod01/fnd/PNA/fmt/png/Mercedes-F1-Essentials-Men's-Sweatpants",534361_01,Mercedes F1 Essentials Men's Sweatpants,55,55.0
"https://images.puma.com/image/upload/f_auto,q_auto,b_rgb:fafafa,w_2000,h_2000/global/369155/04/sv01/fnd/PNA/fmt/png/Cali-Women's-Sneakers",369155_04,Cali Women's Sneakers,80,80.0
"https://images.puma.com/image/upload/f_auto,q_auto,b_rgb:fafafa,w_2000,h_2000/global/369155/01/sv01/fnd/PNA/fmt/png/Cali-Women's-Sneakers",369155_01,Cali Women's Sneakers,80,80.0
"https://images.puma.com/image/upload/f_auto,q_auto,b_rgb:fafafa,w_2000,h_2000/global/531857/74/fnd/PNA/fmt/png/Iconic-T7-Women's-Leggings",531857_74,Iconic T7 Women's Leggings,40,11.99
"https://images.puma.com/image/upload/f_auto,q_auto,b_rgb:fafafa,w_2000,h_2000/global/531852/46/mod01/fnd/PNA/fmt/png/Iconic-T7-Women's-Track-Jacket",531852_46,Iconic T7 Women's Track Jacket,65,39.99
"https://images.puma.com/image/upload/f_auto,q_auto,b_rgb:fafafa,w_2000,h_2000/global/531852/74/fnd/PNA/fmt/png/Iconic-T7-Women's-Track-Jacket",531852_74,Iconic T7 Women's Track Jacket,65,65.0
"https://images.puma.com/image/upload/f_auto,q_auto,b_rgb:fafafa,w_2000,h_2000/global/531852/28/mod01/fnd/PNA/fmt/png/Iconic-T7-Women's-Track-Jacket",531852_28,Iconic T7 Women's Track Jacket,65,39.99
"https://images.puma.com/image/upload/f_auto,q_auto,b_rgb:fafafa,w_2000,h_2000/global/535790/74/mod01/fnd/PNA/fmt/png/MMQ-Twill-Pants",535790_74,MMQ Twill Pants,120,120.0
"https://images.puma.com/image/upload/f_auto,q_auto,b_rgb:fafafa,w_2000,h_2000/global/532987/03/mod01/fnd/PNA/fmt/png/101-North-Men's-Golf-Shorts",532987_03,101 North Men's Golf Shorts,70,70.0
"https://images.puma.com/image/upload/f_auto,q_auto,b_rgb:fafafa,w_2000,h_2000/global/193931/17/sv01/fnd/PNA/fmt/png/CELL-Vorto-Gleam-Women's-Sneakers",193931_17,CELL Vorto Gleam Women's Sneakers,70,34.99
"https://images.puma.com/image/upload/f_auto,q_auto,b_rgb:fafafa,w_2000,h_2000/global/522125/62/fnd/PNA/fmt/png/PUMA-Fit-PWRFLEECE-Men's-Training-Joggers",522125_62,PUMA Fit PWRFLEECE Men's Training Joggers,65,44.99
"https://images.puma.com/image/upload/f_auto,q_auto,b_rgb:fafafa,w_2000,h_2000/global/586295/01/mod01/fnd/PNA/fmt/png/Essentials-Women's-Logo-Tee",586295_01,Essentials Women's Logo Tee,25,9.99
"https://images.puma.com/image/upload/f_auto,q_auto,b_rgb:fafafa,w_2000,h_2000/global/586295/02/mod01/fnd/PNA/fmt/png/Essentials-Women's-Logo-Tee",586295_02,Essentials Women's Logo Tee,25,9.99
"https://images.puma.com/image/upload/f_auto,q_auto,b_rgb:fafafa,w_2000,h_2000/global/586295/04/mod01/fnd/PNA/fmt/png/Essentials-Women's-Logo-Tee",586295_04,Essentials Women's Logo Tee,25,9.99
"https://images.puma.com/image/upload/f_auto,q_auto,b_rgb:fafafa,w_2000,h_2000/global/586295/07/mod01/fnd/PNA/fmt/png/Essentials-Women's-Logo-Tee",586295_07,Essentials Women's Logo Tee,25,9.99
"https://images.puma.com/image/upload/f_auto,q_auto,b_rgb:fafafa,w_2000,h_2000/global/371149/80/sv01/fnd/PNA/fmt/png/Future-Rider-Play-On-Men's-Sneakers",371149_80,Future Rider Play On Men's Sneakers,80,54.99
"https://images.puma.com/image/upload/f_auto,q_auto,b_rgb:fafafa,w_2000,h_2000/global/371149/81/sv01/fnd/PNA/fmt/png/Future-Rider-Play-On-Men's-Sneakers",371149_81,Future Rider Play On Men's Sneakers,80,59.99
"https://images.puma.com/image/upload/f_auto,q_auto,b_rgb:fafafa,w_2000,h_2000/global/306973/07/sv01/fnd/PNA/fmt/png/Mercedes-F1-RS-Fast-Motorsport-Men's-Sneakers",306973_07,Mercedes F1 RS Fast Motorsport Men's Sneakers,120,120.0
"https://images.puma.com/image/upload/f_auto,q_auto,b_rgb:fafafa,w_2000,h_2000/global/532987/03/mod01/fnd/PNA/fmt/png/101-North-Men's-Golf-Shorts",532987_03,101 North Men's Golf Shorts,70,70.0
"https://images.puma.com/image/upload/f_auto,q_auto,b_rgb:fafafa,w_2000,h_2000/global/531885/05/mod01/fnd/PNA/fmt/png/Mercedes-F1-Logo-Men's-Tee",531885_05,Mercedes F1 Logo Men's Tee,40,29.99
"https://images.puma.com/image/upload/f_auto,q_auto,b_rgb:fafafa,w_2000,h_2000/global/531885/05/mod01/fnd/PNA/fmt/png/Mercedes-F1-Logo-Men's-Tee",531885_05,Mercedes F1 Logo Men's Tee,40,29.99
"https://images.puma.com/image/upload/f_auto,q_auto,b_rgb:fafafa,w_2000,h_2000/global/531197/02/mod01/fnd/PNA/fmt/png/BMW-M-Motorsport-Logo-Men's-Tee+",531197_02,BMW M Motorsport Logo Men's Tee+,45,14.99
"https://images.puma.com/image/upload/f_auto,q_auto,b_rgb:fafafa,w_2000,h_2000/global/531197/02/mod01/fnd/PNA/fmt/png/BMW-M-Motorsport-Logo-Men's-Tee+",531197_02,BMW M Motorsport Logo Men's Tee+,45,14.99
"https://images.puma.com/image/upload/f_auto,q_auto,b_rgb:fafafa,w_2000,h_2000/global/531197/02/mod01/fnd/PNA/fmt/png/BMW-M-Motorsport-Logo-Men's-Tee+",531197_02,BMW M Motorsport Logo Men's Tee+,45,14.99
"https://images.puma.com/image/upload/f_auto,q_auto,b_rgb:fafafa,w_2000,h_2000/global/366408/01/sv01/fnd/PNA/fmt/png/Roma-Classic-Gum-Men's-Sneakers",366408_01,Roma Classic Gum Men's Sneakers,70,70.0
"https://images.puma.com/image/upload/f_auto,q_auto,b_rgb:fafafa,w_2000,h_2000/global/366408/02/sv01/fnd/PNA/fmt/png/Roma-Classic-Gum-Men's-Sneakers",366408_02,Roma Classic Gum Men's Sneakers,70,70.0
"https://images.puma.com/image/upload/f_auto,q_auto,b_rgb:fafafa,w_2000,h_2000/global/052919/09/fnd/PNA/fmt/png/ESS-Cap",052919_09,ESS Cap,20,14.99
"https://images.puma.com/image/upload/f_auto,q_auto,b_rgb:fafafa,w_2000,h_2000/global/052919/18/fnd/PNA/fmt/png/ESS-Cap",052919_18,ESS Cap,20,9.99
"https://images.puma.com/image/upload/f_auto,q_auto,b_rgb:fafafa,w_2000,h_2000/global/052919/01/fnd/PNA/fmt/png/ESS-Cap",052919_01,ESS Cap,20,20.0
"https://images.puma.com/image/upload/f_auto,q_auto,b_rgb:fafafa,w_2000,h_2000/global/052919/09/fnd/PNA/fmt/png/ESS-Cap",052919_09,ESS Cap,20,14.99
"https://images.puma.com/image/upload/f_auto,q_auto,b_rgb:fafafa,w_2000,h_2000/global/052919/18/fnd/PNA/fmt/png/ESS-Cap",052919_18,ESS Cap,20,9.99
"https://images.puma.com/image/upload/f_auto,q_auto,b_rgb:fafafa,w_2000,h_2000/global/052919/01/fnd/PNA/fmt/png/ESS-Cap",052919_01,ESS Cap,20,20.0
"https://images.puma.com/image/upload/f_auto,q_auto,b_rgb:fafafa,w_2000,h_2000/global/376296/08/sv01/fnd/PNA/fmt/png/Cell-Divide-Men's-Running-Shoes",376296_08,Cell Divide Men's Running Shoes,85,34.99
"https://images.puma.com/image/upload/f_auto,q_auto,b_rgb:fafafa,w_2000,h_2000/global/376296/07/sv01/fnd/PNA/fmt/png/Cell-Divide-Men's-Running-Shoes",376296_07,Cell Divide Men's Running Shoes,85,34.99
"https://images.puma.com/image/upload/f_auto,q_auto,b_rgb:fafafa,w_2000,h_2000/global/376296/03/sv01/fnd/PNA/fmt/png/Cell-Divide-Men's-Running-Shoes",376296_03,Cell Divide Men's Running Shoes,85,34.99
"https://images.puma.com/image/upload/f_auto,q_auto,b_rgb:fafafa,w_2000,h_2000/global/586449/01/mod01/fnd/PNA/fmt/png/Essentials-Men's-Logo-Tee",586449_01,Essentials Men's Logo Tee,25,9.99
"https://images.puma.com/image/upload/f_auto,q_auto,b_rgb:fafafa,w_2000,h_2000/global/586449/02/mod01/fnd/PNA/fmt/png/Essentials-Men's-Logo-Tee",586449_02,Essentials Men's Logo Tee,25,9.99
"https://images.puma.com/image/upload/f_auto,q_auto,b_rgb:fafafa,w_2000,h_2000/global/586449/03/mod01/fnd/PNA/fmt/png/Essentials-Men's-Logo-Tee",586449_03,Essentials Men's Logo Tee,25,9.99
"https://images.puma.com/image/upload/f_auto,q_auto,b_rgb:fafafa,w_2000,h_2000/global/586449/06/mod01/fnd/PNA/fmt/png/Essentials-Men's-Logo-Tee",586449_06,Essentials Men's Logo Tee,25,9.99
"https://images.puma.com/image/upload/f_auto,q_auto,b_rgb:fafafa,w_2000,h_2000/global/586449/46/mod01/fnd/PNA/fmt/png/Essentials-Men's-Logo-Tee",586449_46,Essentials Men's Logo Tee,25,9.99
"https://images.puma.com/image/upload/f_auto,q_auto,b_rgb:fafafa,w_2000,h_2000/global/586449/47/mod01/fnd/PNA/fmt/png/Essentials-Men's-Logo-Tee",586449_47,Essentials Men's Logo Tee,25,9.99
"https://images.puma.com/image/upload/f_auto,q_auto,b_rgb:fafafa,w_2000,h_2000/global/586449/01/mod01/fnd/PNA/fmt/png/Essentials-Men's-Logo-Tee",586449_01,Essentials Men's Logo Tee,25,9.99
"https://images.puma.com/image/upload/f_auto,q_auto,b_rgb:fafafa,w_2000,h_2000/global/586449/02/mod01/fnd/PNA/fmt/png/Essentials-Men's-Logo-Tee",586449_02,Essentials Men's Logo Tee,25,9.99
"https://images.puma.com/image/upload/f_auto,q_auto,b_rgb:fafafa,w_2000,h_2000/global/586449/03/mod01/fnd/PNA/fmt/png/Essentials-Men's-Logo-Tee",586449_03,Essentials Men's Logo Tee,25,9.99
"https://images.puma.com/image/upload/f_auto,q_auto,b_rgb:fafafa,w_2000,h_2000/global/586449/06/mod01/fnd/PNA/fmt/png/Essentials-Men's-Logo-Tee",586449_06,Essentials Men's Logo Tee,25,9.99
"https://images.puma.com/image/upload/f_auto,q_auto,b_rgb:fafafa,w_2000,h_2000/global/586449/46/mod01/fnd/PNA/fmt/png/Essentials-Men's-Logo-Tee",586449_46,Essentials Men's Logo Tee,25,9.99
"https://images.puma.com/image/upload/f_auto,q_auto,b_rgb:fafafa,w_2000,h_2000/global/586449/47/mod01/fnd/PNA/fmt/png/Essentials-Men's-Logo-Tee",586449_47,Essentials Men's Logo Tee,25,9.99
"https://images.puma.com/image/upload/f_auto,q_auto,b_rgb:fafafa,w_2000,h_2000/global/586449/01/mod01/fnd/PNA/fmt/png/Essentials-Men's-Logo-Tee",586449_01,Essentials Men's Logo Tee,25,9.99
"https://images.puma.com/image/upload/f_auto,q_auto,b_rgb:fafafa,w_2000,h_2000/global/586449/02/mod01/fnd/PNA/fmt/png/Essentials-Men's-Logo-Tee",586449_02,Essentials Men's Logo Tee,25,9.99
"https://images.puma.com/image/upload/f_auto,q_auto,b_rgb:fafafa,w_2000,h_2000/global/586449/03/mod01/fnd/PNA/fmt/png/Essentials-Men's-Logo-Tee",586449_03,Essentials Men's Logo Tee,25,9.99
"https://images.puma.com/image/upload/f_auto,q_auto,b_rgb:fafafa,w_2000,h_2000/global/586449/06/mod01/fnd/PNA/fmt/png/Essentials-Men's-Logo-Tee",586449_06,Essentials Men's Logo Tee,25,9.99
"https://images.puma.com/image/upload/f_auto,q_auto,b_rgb:fafafa,w_2000,h_2000/global/586449/46/mod01/fnd/PNA/fmt/png/Essentials-Men's-Logo-Tee",586449_46,Essentials Men's Logo Tee,25,9.99
"https://images.puma.com/image/upload/f_auto,q_auto,b_rgb:fafafa,w_2000,h_2000/global/586449/47/mod01/fnd/PNA/fmt/png/Essentials-Men's-Logo-Tee",586449_47,Essentials Men's Logo Tee,25,9.99
"https://images.puma.com/image/upload/f_auto,q_auto,b_rgb:fafafa,w_2000,h_2000/global/586449/01/mod01/fnd/PNA/fmt/png/Essentials-Men's-Logo-Tee",586449_01,Essentials Men's Logo Tee,25,9.99
"https://images.puma.com/image/upload/f_auto,q_auto,b_rgb:fafafa,w_2000,h_2000/global/586449/02/mod01/fnd/PNA/fmt/png/Essentials-Men's-Logo-Tee",586449_02,Essentials Men's Logo Tee,25,9.99
"https://images.puma.com/image/upload/f_auto,q_auto,b_rgb:fafafa,w_2000,h_2000/global/586449/03/mod01/fnd/PNA/fmt/png/Essentials-Men's-Logo-Tee",586449_03,Essentials Men's Logo Tee,25,9.99
"https://images.puma.com/image/upload/f_auto,q_auto,b_rgb:fafafa,w_2000,h_2000/global/586449/06/mod01/fnd/PNA/fmt/png/Essentials-Men's-Logo-Tee",586449_06,Essentials Men's Logo Tee,25,9.99
"https://images.puma.com/image/upload/f_auto,q_auto,b_rgb:fafafa,w_2000,h_2000/global/586449/46/mod01/fnd/PNA/fmt/png/Essentials-Men's-Logo-Tee",586449_46,Essentials Men's Logo Tee,25,9.99
"https://images.puma.com/image/upload/f_auto,q_auto,b_rgb:fafafa,w_2000,h_2000/global/586449/47/mod01/fnd/PNA/fmt/png/Essentials-Men's-Logo-Tee",586449_47,Essentials Men's Logo Tee,25,9.99
"https://images.puma.com/image/upload/f_auto,q_auto,b_rgb:fafafa,w_2000,h_2000/global/586449/01/mod01/fnd/PNA/fmt/png/Essentials-Men's-Logo-Tee",586449_01,Essentials Men's Logo Tee,25,9.99
"https://images.puma.com/image/upload/f_auto,q_auto,b_rgb:fafafa,w_2000,h_2000/global/586449/02/mod01/fnd/PNA/fmt/png/Essentials-Men's-Logo-Tee",586449_02,Essentials Men's Logo Tee,25,9.99
"https://images.puma.com/image/upload/f_auto,q_auto,b_rgb:fafafa,w_2000,h_2000/global/586449/03/mod01/fnd/PNA/fmt/png/Essentials-Men's-Logo-Tee",586449_03,Essentials Men's Logo Tee,25,9.99
"https://images.puma.com/image/upload/f_auto,q_auto,b_rgb:fafafa,w_2000,h_2000/global/586449/06/mod01/fnd/PNA/fmt/png/Essentials-Men's-Logo-Tee",586449_06,Essentials Men's Logo Tee,25,9.99
"https://images.puma.com/image/upload/f_auto,q_auto,b_rgb:fafafa,w_2000,h_2000/global/586449/46/mod01/fnd/PNA/fmt/png/Essentials-Men's-Logo-Tee",586449_46,Essentials Men's Logo Tee,25,9.99
"https://images.puma.com/image/upload/f_auto,q_auto,b_rgb:fafafa,w_2000,h_2000/global/586449/47/mod01/fnd/PNA/fmt/png/Essentials-Men's-Logo-Tee",586449_47,Essentials Men's Logo Tee,25,9.99
"https://images.puma.com/image/upload/f_auto,q_auto,b_rgb:fafafa,w_2000,h_2000/global/586449/01/mod01/fnd/PNA/fmt/png/Essentials-Men's-Logo-Tee",586449_01,Essentials Men's Logo Tee,25,9.99
"https://images.puma.com/image/upload/f_auto,q_auto,b_rgb:fafafa,w_2000,h_2000/global/586449/02/mod01/fnd/PNA/fmt/png/Essentials-Men's-Logo-Tee",586449_02,Essentials Men's Logo Tee,25,9.99
"https://images.puma.com/image/upload/f_auto,q_auto,b_rgb:fafafa,w_2000,h_2000/global/586449/03/mod01/fnd/PNA/fmt/png/Essentials-Men's-Logo-Tee",586449_03,Essentials Men's Logo Tee,25,9.99
"https://images.puma.com/image/upload/f_auto,q_auto,b_rgb:fafafa,w_2000,h_2000/global/586449/06/mod01/fnd/PNA/fmt/png/Essentials-Men's-Logo-Tee",586449_06,Essentials Men's Logo Tee,25,9.99
"https://images.puma.com/image/upload/f_auto,q_auto,b_rgb:fafafa,w_2000,h_2000/global/586449/46/mod01/fnd/PNA/fmt/png/Essentials-Men's-Logo-Tee",586449_46,Essentials Men's Logo Tee,25,9.99
"https://images.puma.com/image/upload/f_auto,q_auto,b_rgb:fafafa,w_2000,h_2000/global/586449/47/mod01/fnd/PNA/fmt/png/Essentials-Men's-Logo-Tee",586449_47,Essentials Men's Logo Tee,25,9.99
"https://images.puma.com/image/upload/f_auto,q_auto,b_rgb:fafafa,w_2000,h_2000/global/586449/01/mod01/fnd/PNA/fmt/png/Essentials-Men's-Logo-Tee",586449_01,Essentials Men's Logo Tee,25,9.99
"https://images.puma.com/image/upload/f_auto,q_auto,b_rgb:fafafa,w_2000,h_2000/global/586449/02/mod01/fnd/PNA/fmt/png/Essentials-Men's-Logo-Tee",586449_02,Essentials Men's Logo Tee,25,9.99
"https://images.puma.com/image/upload/f_auto,q_auto,b_rgb:fafafa,w_2000,h_2000/global/586449/03/mod01/fnd/PNA/fmt/png/Essentials-Men's-Logo-Tee",586449_03,Essentials Men's Logo Tee,25,9.99
"https://images.puma.com/image/upload/f_auto,q_auto,b_rgb:fafafa,w_2000,h_2000/global/586449/06/mod01/fnd/PNA/fmt/png/Essentials-Men's-Logo-Tee",586449_06,Essentials Men's Logo Tee,25,9.99
"https://images.puma.com/image/upload/f_auto,q_auto,b_rgb:fafafa,w_2000,h_2000/global/586449/46/mod01/fnd/PNA/fmt/png/Essentials-Men's-Logo-Tee",586449_46,Essentials Men's Logo Tee,25,9.99
"https://images.puma.com/image/upload/f_auto,q_auto,b_rgb:fafafa,w_2000,h_2000/global/586449/47/mod01/fnd/PNA/fmt/png/Essentials-Men's-Logo-Tee",586449_47,Essentials Men's Logo Tee,25,9.99
"https://images.puma.com/image/upload/f_auto,q_auto,b_rgb:fafafa,w_2000,h_2000/global/520817/01/mod01/fnd/PNA/fmt/png/Forever-Women's-7/8-Training-Leggings",520817_01,Forever Women's 7/8 Training Leggings,45,19.99
"https://images.puma.com/image/upload/f_auto,q_auto,b_rgb:fafafa,w_2000,h_2000/global/382622/01/sv01/fnd/PNA/fmt/png/RS-FAST-Paradise-Men's-Sneakers",382622_01,RS-FAST Paradise Men's Sneakers,120,59.99
"https://images.puma.com/image/upload/f_auto,q_auto,b_rgb:fafafa,w_2000,h_2000/global/382622/01/sv01/fnd/PNA/fmt/png/RS-FAST-Paradise-Men's-Sneakers",382622_01,RS-FAST Paradise Men's Sneakers,120,59.99
"https://images.puma.com/image/upload/f_auto,q_auto,b_rgb:fafafa,w_2000,h_2000/global/674615/38/mod01/fnd/PNA/fmt/png/Outside-the-Box-Men's-Logo-Tee",674615_38,Outside the Box Men's Logo Tee,25,9.99
"https://images.puma.com/image/upload/f_auto,q_auto,b_rgb:fafafa,w_2000,h_2000/global/674616/38/mod01/fnd/PNA/fmt/png/Rider-Comic-Men's-Logo-Tee",674616_38,Rider Comic Men's Logo Tee,25,9.99
"https://images.puma.com/image/upload/f_auto,q_auto,b_rgb:fafafa,w_2000,h_2000/global/674614/38/mod01/fnd/PNA/fmt/png/Wavy-Baby-Men's-Logo-Tee",674614_38,Wavy Baby Men's Logo Tee,25,9.99
"https://images.puma.com/image/upload/f_auto,q_auto,b_rgb:fafafa,w_2000,h_2000/global/531103/06/mod01/fnd/PNA/fmt/png/101-Men's-Golf-Pants",531103_06,101 Men's Golf Pants,90,90.0
"https://images.puma.com/image/upload/f_auto,q_auto,b_rgb:fafafa,w_2000,h_2000/global/079174/02/fnd/PNA/fmt/png/Prime-Time-Cube-Wristlet-Bag",079174_02,Prime Time Cube Wristlet Bag,38,19.99
"https://images.puma.com/image/upload/f_auto,q_auto,b_rgb:fafafa,w_2000,h_2000/global/531863/01/mod01/fnd/PNA/fmt/png/Classics-Women's-Logo-Tee",531863_01,Classics Women's Logo Tee,30,30.0
"https://images.puma.com/image/upload/f_auto,q_auto,b_rgb:fafafa,w_2000,h_2000/global/531863/99/mod01/fnd/PNA/fmt/png/Classics-Women's-Logo-Tee",531863_99,Classics Women's Logo Tee,30,19.99
"https://images.puma.com/image/upload/f_auto,q_auto,b_rgb:fafafa,w_2000,h_2000/global/531863/02/mod01/fnd/PNA/fmt/png/Classics-Women's-Logo-Tee",531863_02,Classics Women's Logo Tee,30,30.0
"https://images.puma.com/image/upload/f_auto,q_auto,b_rgb:fafafa,w_2000,h_2000/global/531863/04/mod01/fnd/PNA/fmt/png/Classics-Women's-Logo-Tee",531863_04,Classics Women's Logo Tee,30,30.0
"https://images.puma.com/image/upload/f_auto,q_auto,b_rgb:fafafa,w_2000,h_2000/global/531863/01/mod01/fnd/PNA/fmt/png/Classics-Women's-Logo-Tee",531863_01,Classics Women's Logo Tee,30,30.0
"https://images.puma.com/image/upload/f_auto,q_auto,b_rgb:fafafa,w_2000,h_2000/global/531863/99/mod01/fnd/PNA/fmt/png/Classics-Women's-Logo-Tee",531863_99,Classics Women's Logo Tee,30,19.99
"https://images.puma.com/image/upload/f_auto,q_auto,b_rgb:fafafa,w_2000,h_2000/global/531863/02/mod01/fnd/PNA/fmt/png/Classics-Women's-Logo-Tee",531863_02,Classics Women's Logo Tee,30,30.0
"https://images.puma.com/image/upload/f_auto,q_auto,b_rgb:fafafa,w_2000,h_2000/global/531863/04/mod01/fnd/PNA/fmt/png/Classics-Women's-Logo-Tee",531863_04,Classics Women's Logo Tee,30,30.0
"https://images.puma.com/image/upload/f_auto,q_auto,b_rgb:fafafa,w_2000,h_2000/global/531871/79/mod01/fnd/PNA/fmt/png/Classics-Women's-Bike-Shorts",531871_79,Classics Women's Bike Shorts,30,19.99
"https://images.puma.com/image/upload/f_auto,q_auto,b_rgb:fafafa,w_2000,h_2000/global/531871/04/mod01/fnd/PNA/fmt/png/Classics-Women's-Bike-Shorts",531871_04,Classics Women's Bike Shorts,30,19.99
"https://images.puma.com/image/upload/f_auto,q_auto,b_rgb:fafafa,w_2000,h_2000/global/531871/01/mod01/fnd/PNA/fmt/png/Classics-Women's-Bike-Shorts",531871_01,Classics Women's Bike Shorts,30,30.0
"https://images.puma.com/image/upload/f_auto,q_auto,b_rgb:fafafa,w_2000,h_2000/global/531871/79/mod01/fnd/PNA/fmt/png/Classics-Women's-Bike-Shorts",531871_79,Classics Women's Bike Shorts,30,19.99
"https://images.puma.com/image/upload/f_auto,q_auto,b_rgb:fafafa,w_2000,h_2000/global/531871/04/mod01/fnd/PNA/fmt/png/Classics-Women's-Bike-Shorts",531871_04,Classics Women's Bike Shorts,30,19.99
"https://images.puma.com/image/upload/f_auto,q_auto,b_rgb:fafafa,w_2000,h_2000/global/531871/01/mod01/fnd/PNA/fmt/png/Classics-Women's-Bike-Shorts",531871_01,Classics Women's Bike Shorts,30,30.0
"https://images.puma.com/image/upload/f_auto,q_auto,b_rgb:fafafa,w_2000,h_2000/global/531857/74/fnd/PNA/fmt/png/Iconic-T7-Women's-Leggings",531857_74,Iconic T7 Women's Leggings,40,11.99
"https://images.puma.com/image/upload/f_auto,q_auto,b_rgb:fafafa,w_2000,h_2000/global/531865/79/mod01/fnd/PNA/fmt/png/Classics-Women's-Logo-Tee",531865_79,Classics Women's Logo Tee,30,11.99
"https://images.puma.com/image/upload/f_auto,q_auto,b_rgb:fafafa,w_2000,h_2000/global/531865/82/mod01/fnd/PNA/fmt/png/Classics-Women's-Logo-Tee",531865_82,Classics Women's Logo Tee,30,11.99
"https://images.puma.com/image/upload/f_auto,q_auto,b_rgb:fafafa,w_2000,h_2000/global/531865/32/mod01/fnd/PNA/fmt/png/Classics-Women's-Logo-Tee",531865_32,Classics Women's Logo Tee,30,11.99
"https://images.puma.com/image/upload/f_auto,q_auto,b_rgb:fafafa,w_2000,h_2000/global/531865/46/mod01/fnd/PNA/fmt/png/Classics-Women's-Logo-Tee",531865_46,Classics Women's Logo Tee,30,11.99
"https://images.puma.com/image/upload/f_auto,q_auto,b_rgb:fafafa,w_2000,h_2000/global/531865/25/mod01/fnd/PNA/fmt/png/Classics-Women's-Logo-Tee",531865_25,Classics Women's Logo Tee,30,30.0
"https://images.puma.com/image/upload/f_auto,q_auto,b_rgb:fafafa,w_2000,h_2000/global/531865/91/mod01/fnd/PNA/fmt/png/Classics-Women's-Logo-Tee",531865_91,Classics Women's Logo Tee,30,11.99
"https://images.puma.com/image/upload/f_auto,q_auto,b_rgb:fafafa,w_2000,h_2000/global/530089/66/mod01/fnd/PNA/fmt/png/Classics-Men's-Logo-Tee",530089_66,Classics Men's Logo Tee,30,19.99
"https://images.puma.com/image/upload/f_auto,q_auto,b_rgb:fafafa,w_2000,h_2000/global/530089/62/mod01/fnd/PNA/fmt/png/Classics-Men's-Logo-Tee",530089_62,Classics Men's Logo Tee,30,19.99
"https://images.puma.com/image/upload/f_auto,q_auto,b_rgb:fafafa,w_2000,h_2000/global/533303/33/mod01/fnd/PNA/fmt/png/Classics-Men's-Logo-Hoodie-FL",533303_33,Classics Men's Logo Hoodie FL,60,24.99
"https://images.puma.com/image/upload/f_auto,q_auto,b_rgb:fafafa,w_2000,h_2000/global/365177/33/sv01/fnd/PNA/fmt/png/Smash-v2-Suede-Little-Kids'-Shoes",365177_33,Smash v2 Suede Little Kids' Shoes,45,19.99
"https://images.puma.com/image/upload/f_auto,q_auto,b_rgb:fafafa,w_2000,h_2000/global/848444/33/mod01/fnd/PNA/fmt/png/Modern-Basics-Men's-Hoodie",848444_33,Modern Basics Men's Hoodie,50,19.99
"https://images.puma.com/image/upload/f_auto,q_auto,b_rgb:fafafa,w_2000,h_2000/global/588511/33/mod01/fnd/PNA/fmt/png/Essentials-Men's-Heather-Polo",588511_33,Essentials Men's Heather Polo,35,14.99
"https://images.puma.com/image/upload/f_auto,q_auto,b_rgb:fafafa,w_2000,h_2000/global/533253/33/mod01/fnd/PNA/fmt/png/Classics-Logo-Men's-Tee",533253_33,Classics Logo Men's Tee,30,14.99
"https://images.puma.com/image/upload/f_auto,q_auto,b_rgb:fafafa,w_2000,h_2000/global/847097/33/mod01/fnd/PNA/fmt/png/HER-Women's-Tank-Top",847097_33,HER Women's Tank Top,25,9.99
"https://images.puma.com/image/upload/f_auto,q_auto,b_rgb:fafafa,w_2000,h_2000/global/847412/33/mod01/fnd/PNA/fmt/png/Modern-Basics-Chino-Shorts-Men",847412_33,Modern Basics Chino Shorts Men,40,16.99
"https://images.puma.com/image/upload/f_auto,q_auto,b_rgb:fafafa,w_2000,h_2000/global/533673/33/mod01/fnd/PNA/fmt/png/Downtown-Graphic-Crew-Neck-Men's-Tee",533673_33,Downtown Graphic Crew Neck Men's Tee,35,19.99
"https://images.puma.com/image/upload/f_auto,q_auto,b_rgb:fafafa,w_2000,h_2000/global/365176/33/sv01/fnd/PNA/fmt/png/Smash-v2-Suede-Sneakers-Big-Kids",365176_33,Smash v2 Suede Sneakers Big Kids,50,24.99
"https://images.puma.com/image/upload/f_auto,q_auto,b_rgb:fafafa,w_2000,h_2000/global/674044/33/mod01/fnd/PNA/fmt/png/Equality-For-All-Graphic-Tee",674044_33,Equality For All Graphic Tee,25,14.99
"https://images.puma.com/image/upload/f_auto,q_auto,b_rgb:fafafa,w_2000,h_2000/global/079232/01/fnd/PNA/fmt/png/Originals-Fandom-Over-Waist-Bag",079232_01,Originals Fandom Over Waist Bag,33,24.99
"https://images.puma.com/image/upload/f_auto,q_auto,b_rgb:fafafa,w_2000,h_2000/global/670195/79/fnd/PNA/fmt/png/Modern-Sports-Printed-7/8-Tights-Big-Kids",670195_79,Modern Sports Printed 7/8 Tights Big Kids,33,19.99
"https://images.puma.com/image/upload/f_auto,q_auto,b_rgb:fafafa,w_2000,h_2000/global/079233/01/fnd/PNA/fmt/png/Originals-Sportswear-by-PUMA-Waist-Bag",079233_01,Originals Sportswear by PUMA Waist Bag,33,24.99
"https://images.puma.com/image/upload/f_auto,q_auto,b_rgb:fafafa,w_2000,h_2000/global/533303/33/mod01/fnd/PNA/fmt/png/Classics-Men's-Logo-Hoodie-FL",533303_33,Classics Men's Logo Hoodie FL,60,24.99
"https://images.puma.com/image/upload/f_auto,q_auto,b_rgb:fafafa,w_2000,h_2000/global/365177/33/sv01/fnd/PNA/fmt/png/Smash-v2-Suede-Little-Kids'-Shoes",365177_33,Smash v2 Suede Little Kids' Shoes,45,19.99
"https://images.puma.com/image/upload/f_auto,q_auto,b_rgb:fafafa,w_2000,h_2000/global/848444/33/mod01/fnd/PNA/fmt/png/Modern-Basics-Men's-Hoodie",848444_33,Modern Basics Men's Hoodie,50,19.99
"https://images.puma.com/image/upload/f_auto,q_auto,b_rgb:fafafa,w_2000,h_2000/global/588511/33/mod01/fnd/PNA/fmt/png/Essentials-Men's-Heather-Polo",588511_33,Essentials Men's Heather Polo,35,14.99
"https://images.puma.com/image/upload/f_auto,q_auto,b_rgb:fafafa,w_2000,h_2000/global/533253/33/mod01/fnd/PNA/fmt/png/Classics-Logo-Men's-Tee",533253_33,Classics Logo Men's Tee,30,14.99
"https://images.puma.com/image/upload/f_auto,q_auto,b_rgb:fafafa,w_2000,h_2000/global/847097/33/mod01/fnd/PNA/fmt/png/HER-Women's-Tank-Top",847097_33,HER Women's Tank Top,25,9.99
"https://images.puma.com/image/upload/f_auto,q_auto,b_rgb:fafafa,w_2000,h_2000/global/847412/33/mod01/fnd/PNA/fmt/png/Modern-Basics-Chino-Shorts-Men",847412_33,Modern Basics Chino Shorts Men,40,16.99
"https://images.puma.com/image/upload/f_auto,q_auto,b_rgb:fafafa,w_2000,h_2000/global/533673/33/mod01/fnd/PNA/fmt/png/Downtown-Graphic-Crew-Neck-Men's-Tee",533673_33,Downtown Graphic Crew Neck Men's Tee,35,19.99
"https://images.puma.com/image/upload/f_auto,q_auto,b_rgb:fafafa,w_2000,h_2000/global/365176/33/sv01/fnd/PNA/fmt/png/Smash-v2-Suede-Sneakers-Big-Kids",365176_33,Smash v2 Suede Sneakers Big Kids,50,24.99
"https://images.puma.com/image/upload/f_auto,q_auto,b_rgb:fafafa,w_2000,h_2000/global/674044/33/mod01/fnd/PNA/fmt/png/Equality-For-All-Graphic-Tee",674044_33,Equality For All Graphic Tee,25,14.99
"https://images.puma.com/image/upload/f_auto,q_auto,b_rgb:fafafa,w_2000,h_2000/global/079232/01/fnd/PNA/fmt/png/Originals-Fandom-Over-Waist-Bag",079232_01,Originals Fandom Over Waist Bag,33,24.99
"https://images.puma.com/image/upload/f_auto,q_auto,b_rgb:fafafa,w_2000,h_2000/global/670195/79/fnd/PNA/fmt/png/Modern-Sports-Printed-7/8-Tights-Big-Kids",670195_79,Modern Sports Printed 7/8 Tights Big Kids,33,19.99
"https://images.puma.com/image/upload/f_auto,q_auto,b_rgb:fafafa,w_2000,h_2000/global/079233/01/fnd/PNA/fmt/png/Originals-Sportswear-by-PUMA-Waist-Bag",079233_01,Originals Sportswear by PUMA Waist Bag,33,24.99
"https://images.puma.com/image/upload/f_auto,q_auto,b_rgb:fafafa,w_2000,h_2000/global/595204/01/mod01/fnd/PNA/fmt/png/Classics-T7-Women's-Track-Jacket",595204_01,Classics T7 Women's Track Jacket,60,60.0
"https://images.puma.com/image/upload/f_auto,q_auto,b_rgb:fafafa,w_2000,h_2000/global/373117/38/sv01/fnd/PNA/fmt/png/PUMA-R78-Sneakers",373117_38,PUMA R78 Sneakers,60,29.99
"https://images.puma.com/image/upload/f_auto,q_auto,b_rgb:fafafa,w_2000,h_2000/global/369155/04/sv01/fnd/PNA/fmt/png/Cali-Women's-Sneakers",369155_04,Cali Women's Sneakers,80,80.0
"https://images.puma.com/image/upload/f_auto,q_auto,b_rgb:fafafa,w_2000,h_2000/global/369155/01/sv01/fnd/PNA/fmt/png/Cali-Women's-Sneakers",369155_01,Cali Women's Sneakers,80,80.0
"https://images.puma.com/image/upload/f_auto,q_auto,b_rgb:fafafa,w_2000,h_2000/global/589317/81/mod01/fnd/PNA/fmt/png/Essentials-Women's-Logo-Tee",589317_81,Essentials Women's Logo Tee,25,19.99
"https://images.puma.com/image/upload/f_auto,q_auto,b_rgb:fafafa,w_2000,h_2000/global/589317/21/mod01/fnd/PNA/fmt/png/Essentials-Women's-Logo-Tee",589317_21,Essentials Women's Logo Tee,25,14.99
"https://images.puma.com/image/upload/f_auto,q_auto,b_rgb:fafafa,w_2000,h_2000/global/589317/81/mod01/fnd/PNA/fmt/png/Essentials-Women's-Logo-Tee",589317_81,Essentials Women's Logo Tee,25,19.99
"https://images.puma.com/image/upload/f_auto,q_auto,b_rgb:fafafa,w_2000,h_2000/global/589317/21/mod01/fnd/PNA/fmt/png/Essentials-Women's-Logo-Tee",589317_21,Essentials Women's Logo Tee,25,14.99
"https://images.puma.com/image/upload/f_auto,q_auto,b_rgb:fafafa,w_2000,h_2000/global/670468/01/mod01/fnd/PNA/fmt/png/Essentials-Slim-Fit-Women's-Tee-Dress",670468_01,Essentials Slim Fit Women's Tee Dress,40,24.99
"https://images.puma.com/image/upload/f_auto,q_auto,b_rgb:fafafa,w_2000,h_2000/global/670468/01/mod01/fnd/PNA/fmt/png/Essentials-Slim-Fit-Women's-Tee-Dress",670468_01,Essentials Slim Fit Women's Tee Dress,40,24.99
"https://images.puma.com/image/upload/f_auto,q_auto,b_rgb:fafafa,w_2000,h_2000/global/670468/01/mod01/fnd/PNA/fmt/png/Essentials-Slim-Fit-Women's-Tee-Dress",670468_01,Essentials Slim Fit Women's Tee Dress,40,24.99
"https://images.puma.com/image/upload/f_auto,q_auto,b_rgb:fafafa,w_2000,h_2000/global/366613/02/sv01/fnd/PNA/fmt/png/GV-Special+-Sneakers",366613_02,GV Special+ Sneakers,75,75.0
"https://images.puma.com/image/upload/f_auto,q_auto,b_rgb:fafafa,w_2000,h_2000/global/366613/06/sv01/fnd/PNA/fmt/png/GV-Special+-Sneakers",366613_06,GV Special+ Sneakers,75,75.0
"https://images.puma.com/image/upload/f_auto,q_auto,b_rgb:fafafa,w_2000,h_2000/global/366613/01/sv01/fnd/PNA/fmt/png/GV-Special+-Sneakers",366613_01,GV Special+ Sneakers,75,75.0
"https://images.puma.com/image/upload/f_auto,q_auto,b_rgb:fafafa,w_2000,h_2000/global/366613/07/sv01/fnd/PNA/fmt/png/GV-Special+-Sneakers",366613_07,GV Special+ Sneakers,75,75.0
"https://images.puma.com/image/upload/f_auto,q_auto,b_rgb:fafafa,w_2000,h_2000/global/385296/02/sv01/fnd/PNA/fmt/png/Shibui-Cat-Slides",385296_02,Shibui Cat Slides,45,45.0
"https://images.puma.com/image/upload/f_auto,q_auto,b_rgb:fafafa,w_2000,h_2000/global/385296/08/sv01/fnd/PNA/fmt/png/Shibui-Cat-Slides",385296_08,Shibui Cat Slides,45,45.0
"https://images.puma.com/image/upload/f_auto,q_auto,b_rgb:fafafa,w_2000,h_2000/global/385296/10/sv01/fnd/PNA/fmt/png/Shibui-Cat-Slides",385296_10,Shibui Cat Slides,45,45.0
"https://images.puma.com/image/upload/f_auto,q_auto,b_rgb:fafafa,w_2000,h_2000/global/385296/02/sv01/fnd/PNA/fmt/png/Shibui-Cat-Slides",385296_02,Shibui Cat Slides,45,45.0
"https://images.puma.com/image/upload/f_auto,q_auto,b_rgb:fafafa,w_2000,h_2000/global/385296/08/sv01/fnd/PNA/fmt/png/Shibui-Cat-Slides",385296_08,Shibui Cat Slides,45,45.0
"https://images.puma.com/image/upload/f_auto,q_auto,b_rgb:fafafa,w_2000,h_2000/global/385296/10/sv01/fnd/PNA/fmt/png/Shibui-Cat-Slides",385296_10,Shibui Cat Slides,45,45.0
"https://images.puma.com/image/upload/f_auto,q_auto,b_rgb:fafafa,w_2000,h_2000/global/385296/02/sv01/fnd/PNA/fmt/png/Shibui-Cat-Slides",385296_02,Shibui Cat Slides,45,45.0
"https://images.puma.com/image/upload/f_auto,q_auto,b_rgb:fafafa,w_2000,h_2000/global/385296/08/sv01/fnd/PNA/fmt/png/Shibui-Cat-Slides",385296_08,Shibui Cat Slides,45,45.0
"https://images.puma.com/image/upload/f_auto,q_auto,b_rgb:fafafa,w_2000,h_2000/global/385296/10/sv01/fnd/PNA/fmt/png/Shibui-Cat-Slides",385296_10,Shibui Cat Slides,45,45.0
"https://images.puma.com/image/upload/f_auto,q_auto,b_rgb:fafafa,w_2000,h_2000/global/387128/01/sv01/fnd/PNA/fmt/png/RS-Curve-Mismatched-Women's-Sneakers",387128_01,RS-Curve Mismatched Women's Sneakers,100,59.99
"https://images.puma.com/image/upload/f_auto,q_auto,b_rgb:fafafa,w_2000,h_2000/global/533374/04/mod01/fnd/PNA/fmt/png/BMW-M-Motorsport-Men's-Sweat-Shorts",533374_04,BMW M Motorsport Men's Sweat Shorts,55,55.0
"https://images.puma.com/image/upload/f_auto,q_auto,b_rgb:fafafa,w_2000,h_2000/global/586641/24/mod01/fnd/PNA/fmt/png/Essentials-2-Men's-Logo-Tee",586641_24,Essentials 2 Men's Logo Tee,25,9.99
"https://images.puma.com/image/upload/f_auto,q_auto,b_rgb:fafafa,w_2000,h_2000/global/586641/31/mod01/fnd/PNA/fmt/png/Essentials-2-Men's-Logo-Tee",586641_31,Essentials 2 Men's Logo Tee,25,9.99
"https://images.puma.com/image/upload/f_auto,q_auto,b_rgb:fafafa,w_2000,h_2000/global/586641/24/mod01/fnd/PNA/fmt/png/Essentials-2-Men's-Logo-Tee",586641_24,Essentials 2 Men's Logo Tee,25,9.99
"https://images.puma.com/image/upload/f_auto,q_auto,b_rgb:fafafa,w_2000,h_2000/global/586641/31/mod01/fnd/PNA/fmt/png/Essentials-2-Men's-Logo-Tee",586641_31,Essentials 2 Men's Logo Tee,25,9.99
"https://images.puma.com/image/upload/f_auto,q_auto,b_rgb:fafafa,w_2000,h_2000/global/530077/27/fnd/PNA/fmt/png/Classics-Logo-Women's-Tee",530077_27,Classics Logo Women's Tee,28,19.99
"https://images.puma.com/image/upload/f_auto,q_auto,b_rgb:fafafa,w_2000,h_2000/global/530077/96/mod01/fnd/PNA/fmt/png/Classics-Logo-Women's-Tee",530077_96,Classics Logo Women's Tee,30,30.0
"https://images.puma.com/image/upload/f_auto,q_auto,b_rgb:fafafa,w_2000,h_2000/global/530234/45/mod01/fnd/PNA/fmt/png/Classics-Women's-Short-Leggings",530234_45,Classics Women's Short Leggings,28,28.0
"https://images.puma.com/image/upload/f_auto,q_auto,b_rgb:fafafa,w_2000,h_2000/global/589443/51/mod01/fnd/PNA/fmt/png/Essentials-Women's-Logo-Leggings",589443_51,Essentials Women's Logo Leggings,30,9.99
"https://images.puma.com/image/upload/f_auto,q_auto,b_rgb:fafafa,w_2000,h_2000/global/589443/04/mod01/fnd/PNA/fmt/png/Essentials-Women's-Logo-Leggings",589443_04,Essentials Women's Logo Leggings,30,9.99
"https://images.puma.com/image/upload/f_auto,q_auto,b_rgb:fafafa,w_2000,h_2000/global/589443/51/mod01/fnd/PNA/fmt/png/Essentials-Women's-Logo-Leggings",589443_51,Essentials Women's Logo Leggings,30,9.99
"https://images.puma.com/image/upload/f_auto,q_auto,b_rgb:fafafa,w_2000,h_2000/global/589443/04/mod01/fnd/PNA/fmt/png/Essentials-Women's-Logo-Leggings",589443_04,Essentials Women's Logo Leggings,30,9.99
"https://images.puma.com/image/upload/f_auto,q_auto,b_rgb:fafafa,w_2000,h_2000/global/586446/06/mod01/fnd/PNA/fmt/png/Essentials-Men's-Logo-Tee-BT",586446_06,Essentials Men's Logo Tee BT,25,9.99
"https://images.puma.com/image/upload/f_auto,q_auto,b_rgb:fafafa,w_2000,h_2000/global/586446/47/mod01/fnd/PNA/fmt/png/Essentials-Men's-Logo-Tee-BT",586446_47,Essentials Men's Logo Tee BT,25,9.99
"https://images.puma.com/image/upload/f_auto,q_auto,b_rgb:fafafa,w_2000,h_2000/global/586446/06/mod01/fnd/PNA/fmt/png/Essentials-Men's-Logo-Tee-BT",586446_06,Essentials Men's Logo Tee BT,25,9.99
"https://images.puma.com/image/upload/f_auto,q_auto,b_rgb:fafafa,w_2000,h_2000/global/586446/47/mod01/fnd/PNA/fmt/png/Essentials-Men's-Logo-Tee-BT",586446_47,Essentials Men's Logo Tee BT,25,9.99
"https://images.puma.com/image/upload/f_auto,q_auto,b_rgb:fafafa,w_2000,h_2000/global/586446/06/mod01/fnd/PNA/fmt/png/Essentials-Men's-Logo-Tee-BT",586446_06,Essentials Men's Logo Tee BT,25,9.99
"https://images.puma.com/image/upload/f_auto,q_auto,b_rgb:fafafa,w_2000,h_2000/global/586446/47/mod01/fnd/PNA/fmt/png/Essentials-Men's-Logo-Tee-BT",586446_47,Essentials Men's Logo Tee BT,25,9.99
"https://images.puma.com/image/upload/f_auto,q_auto,b_rgb:fafafa,w_2000,h_2000/global/385050/03/sv01/fnd/PNA/fmt/png/PUMA-x-TMC-SoftRide-Slides",385050_03,PUMA x TMC SoftRide Slides,50,19.99
"https://images.puma.com/image/upload/f_auto,q_auto,b_rgb:fafafa,w_2000,h_2000/global/385050/02/sv01/fnd/PNA/fmt/png/PUMA-x-TMC-SoftRide-Slides",385050_02,PUMA x TMC SoftRide Slides,50,19.99
"https://images.puma.com/image/upload/f_auto,q_auto,b_rgb:fafafa,w_2000,h_2000/global/385050/01/sv01/fnd/PNA/fmt/png/PUMA-x-TMC-SoftRide-Slides",385050_01,PUMA x TMC SoftRide Slides,50,19.99
"https://images.puma.com/image/upload/f_auto,q_auto,b_rgb:fafafa,w_2000,h_2000/global/385050/03/sv01/fnd/PNA/fmt/png/PUMA-x-TMC-SoftRide-Slides",385050_03,PUMA x TMC SoftRide Slides,50,19.99
"https://images.puma.com/image/upload/f_auto,q_auto,b_rgb:fafafa,w_2000,h_2000/global/385050/02/sv01/fnd/PNA/fmt/png/PUMA-x-TMC-SoftRide-Slides",385050_02,PUMA x TMC SoftRide Slides,50,19.99
"https://images.puma.com/image/upload/f_auto,q_auto,b_rgb:fafafa,w_2000,h_2000/global/385050/01/sv01/fnd/PNA/fmt/png/PUMA-x-TMC-SoftRide-Slides",385050_01,PUMA x TMC SoftRide Slides,50,19.99
"https://images.puma.com/image/upload/f_auto,q_auto,b_rgb:fafafa,w_2000,h_2000/global/533686/02/mod01/fnd/PNA/fmt/png/PUMA-x-TMC-Everyday-Hussle-Graphic-Tee",533686_02,PUMA x TMC Everyday Hussle Graphic Tee,40,40.0
"https://images.puma.com/image/upload/f_auto,q_auto,b_rgb:fafafa,w_2000,h_2000/global/533686/06/mod01/fnd/PNA/fmt/png/PUMA-x-TMC-Everyday-Hussle-Graphic-Tee",533686_06,PUMA x TMC Everyday Hussle Graphic Tee,40,40.0
"https://images.puma.com/image/upload/f_auto,q_auto,b_rgb:fafafa,w_2000,h_2000/global/533687/06/mod01/fnd/PNA/fmt/png/PUMA-x-TMC-Everyday-Hussle-Sweatshorts",533687_06,PUMA x TMC Everyday Hussle Sweatshorts,50,50.0
"https://images.puma.com/image/upload/f_auto,q_auto,b_rgb:fafafa,w_2000,h_2000/global/533687/04/mod01/fnd/PNA/fmt/png/PUMA-x-TMC-Everyday-Hussle-Sweatshorts",533687_04,PUMA x TMC Everyday Hussle Sweatshorts,50,50.0
